brown_login,source,brown_id,user_found,found_through,student_status_code,employment_status,employee_type,emp_status_date,student_separation,affiliate_status,affiliate_start,affiliate_end,blocked_reason
mbarshay,Advance,140456821,found,{'brown_login': 'mbarshay'},G,T,S,07/24/2026,06/15/2026,,,,
aaching,Advance,140708085,found,{'brown_login': 'aaching'},G,T,S,06/16/2026,06/15/2026,,,,
pgoel5,Advance,140148463,found,{'brown_login': 'pgoel5'},G,T,S,06/16/2026,06/15/2026,,,,
ehornbuc,Advance,140346360,found,{'brown_login': 'ehornbuc'},G,T,N,02/13/2026,06/16/2025,N,02/14/2026,05/31/2026,
lrayor,Advance,140690531,found,{'brown_login': 'lrayor'},G,T,S,08/12/2026,06/15/2026,,,,
esilva4,Advance,140165417,found,{'brown_login': 'esilva4'},G,T,G,01/28/2026,06/15/2026,,,,
ntiemtor,Advance,140472229,found,{'brown_login': 'ntiemtor'},G,T,S,07/31/2026,06/15/2026,,,,
kwu17,Advance,140099449,found,{'brown_login': 'kwu17'},G,T,S,07/24/2026,06/15/2026,,,,
mzhou80,Advance,140688438,found,{'brown_login': 'mzhou80'},G,T,S,08/18/2026,06/15/2026,,,,
akabdelg,Banner,140599278,found,{'brown_login': 'akabdelg'},AS,A,G,06/01/2023,,,,,
ralhiary,Banner,140690057,found,{'brown_login': 'ralhiary'},AS,A,G,06/01/2024,,,,,
mandolfa,Banner,140324159,found,{'brown_login': 'mandolfa'},AS,A,S,06/13/2025,,,,,
jareza,Banner,140779371,found,{'brown_login': 'jareza'},AS,A,G,06/01/2025,,,,,
aarthur6,Banner,140575560,found,{'brown_login': 'aarthur6'},AS,,,,,,,,
faung,Banner,140300199,found,{'brown_login': 'faung'},AS,A,S,09/04/2024,,,,,
ebaek2,Banner,140680083,found,{'brown_login': 'ebaek2'},AS,A,S,08/10/2025,,,,,
abarcell,Banner,140086225,found,{'brown_login': 'abarcell'},AS,A,G,06/01/2024,,,,,
hbates2,Banner,140323685,found,{'brown_login': 'hbates2'},AS,A,S,06/30/2025,,,,,
tbenheim,Banner,140596745,found,{'brown_login': 'tbenheim'},AS,A,G,06/01/2023,,,,,
anbhat,Banner,140680473,found,{'brown_login': 'anbhat'},AS,A,S,01/20/2026,,,,,
fbragg,Banner,140020691,found,{'brown_login': 'fbragg'},AS,T,S,06/01/2022,,,,,
mbrammer,Banner,140273381,found,{'brown_login': 'mbrammer'},AS,A,G,06/01/2023,,,,,
sbrinton,Banner,140443766,found,{'brown_login': 'sbrinton'},AS,A,G,06/01/2025,06/20/2022,,,,
labroder,Banner,140695377,found,{'brown_login': 'labroder'},AS,A,S,02/13/2026,,,,,
abryant9,Banner,140485210,found,{'brown_login': 'abryant9'},AS,A,G,06/01/2022,,,,,
nburns1,Banner,140106024,found,{'brown_login': 'nburns1'},AS,T,S,12/03/2024,,,,,
dbuyukya,Banner,140105634,found,{'brown_login': 'dbuyukya'},AS,A,G,09/01/2024,,,,,
scabrer7,Banner,140781810,found,{'brown_login': 'scabrer7'},AS,A,G,06/01/2025,,,,,
pmcarval,Banner,140513476,found,{'brown_login': 'pmcarval'},AS,A,S,08/24/2025,,,,,
sgchawla,Banner,140582309,found,{'brown_login': 'sgchawla'},AS,A,S,09/05/2024,,,,,
vchen39,Banner,140544806,found,{'brown_login': 'vchen39'},AS,A,G,06/01/2022,,,,,
zchen301,Banner,140596895,found,{'brown_login': 'zchen301'},AS,A,G,06/01/2023,,,,,
zchou1,Banner,140573336,found,{'brown_login': 'zchou1'},AS,,,,,,,,
mcolonva,Banner,140596287,found,{'brown_login': 'mcolonva'},AS,A,G,06/01/2023,,,,,
rcumming,Banner,100650775,found,{'brown_login': 'rcumming'},AS,A,G,06/01/2023,,,,,
zdanglem,Banner,140610430,found,{'brown_login': 'zdanglem'},AS,A,S,08/26/2024,,,,,
bwdaniel,Banner,140610431,found,{'brown_login': 'bwdaniel'},AS,T,S,01/28/2026,,,,,
ydeng43,Banner,140487630,found,{'brown_login': 'ydeng43'},AS,A,G,06/01/2022,,,,,
evdesai,Banner,140687413,found,{'brown_login': 'evdesai'},AS,A,G,06/01/2024,,,,,
zdong26,Banner,140408368,found,{'brown_login': 'zdong26'},AS,A,G,05/01/2021,,,,,
jdovan,Banner,140667281,found,{'brown_login': 'jdovan'},AS,A,S,07/18/2025,,,,,
kdunham,Banner,140001935,found,{'brown_login': 'kdunham'},AS,A,G,08/16/2025,,,,,
eelenio,Banner,140333149,found,{'brown_login': 'eelenio'},AS,A,G,09/01/2024,,N,06/18/2024,05/31/2025,
jmelsham,Banner,140664570,found,{'brown_login': 'jmelsham'},AS,A,S,06/30/2025,,,,,
eemick,Banner,140496344,found,{'brown_login': 'eemick'},AS,A,G,06/01/2022,,,,,
sene,Banner,140681479,found,{'brown_login': 'sene'},AS,T,S,05/31/2026,,,,,
cescoba9,Banner,140685251,found,{'brown_login': 'cescoba9'},AS,A,G,06/01/2024,,,,,
jfu55,Banner,140594093,found,{'brown_login': 'jfu55'},AS,A,G,06/01/2023,,,,,
cgfuente,Banner,140781946,found,{'brown_login': 'cgfuente'},AS,A,G,06/01/2025,,,,,
dgandara,Banner,140693559,found,{'brown_login': 'dgandara'},AS,A,G,06/01/2024,,,,,
jgangemi,Banner,140698463,found,{'brown_login': 'jgangemi'},AS,A,G,06/01/2024,,,,,
agupt165,Banner,140431508,found,{'brown_login': 'agupt165'},AS,T,S,06/30/2025,,,,,
kqho,Banner,140575955,found,{'brown_login': 'kqho'},AS,,,,,,,,
shodgman,Banner,140483933,found,{'brown_login': 'shodgman'},AS,A,G,06/01/2022,,,,,
lehowell,Banner,140687355,found,{'brown_login': 'lehowell'},AS,A,G,06/01/2024,,,,,
hhsieh8,Banner,140401949,found,{'brown_login': 'hhsieh8'},AS,A,G,06/01/2023,,,,,
jhuan247,Banner,140633802,found,{'brown_login': 'jhuan247'},AS,T,S,01/28/2026,,,,,
mjayawee,Banner,140500807,found,{'brown_login': 'mjayawee'},AS,A,S,07/01/2025,,,,,
yjian151,Banner,140597731,found,{'brown_login': 'yjian151'},AS,A,G,06/01/2023,,,,,
ajin6,Banner,140112478,found,{'brown_login': 'ajin6'},AS,A,S,04/28/2025,,N,09/01/2016,12/21/2016,
pjolin,Banner,140479581,found,{'brown_login': 'pjolin'},AS,A,S,08/19/2024,,,,,
akatz2,Banner,140035811,found,{'brown_login': 'akatz2'},AS,A,G,06/01/2022,,,,,
bkatz,Banner,140104908,found,{'brown_login': 'bkatz'},AS,,,,,N,07/06/2016,07/11/2016,
jketh,Banner,140668886,found,{'brown_login': 'jketh'},AS,,,,01/29/2025,N,09/09/2025,03/09/2026,
ekim199,Banner,140374179,found,{'brown_login': 'ekim199'},AS,A,S,03/08/2026,,,,,
nlee54,Banner,140400838,found,{'brown_login': 'nlee54'},AS,A,G,09/01/2022,,,,,
slee661,Banner,140599958,found,{'brown_login': 'slee661'},AS,A,G,06/01/2023,,,,,
alim10,Banner,140149529,found,{'brown_login': 'alim10'},AS,A,S,06/30/2025,,,,,
clin70,Banner,140288031,found,{'brown_login': 'clin70'},AS,A,S,07/22/2024,,,,,
slinjawy,Banner,140810569,found,{'brown_login': 'slinjawy'},AS,A,S,11/20/2025,,,,,
lliu123,Banner,140590286,found,{'brown_login': 'lliu123'},AS,T,S,08/14/2026,,,,,
wliu99,Banner,140689577,found,{'brown_login': 'wliu99'},AS,A,G,06/01/2024,,,,,
dmakelel,Banner,140586558,found,{'brown_login': 'dmakelel'},AS,A,S,12/01/2023,,,,,
amandapa,Banner,140330921,found,{'brown_login': 'amandapa'},AS,A,S,04/27/2026,,,,,
rmanthan,Banner,140173634,found,{'brown_login': 'rmanthan'},AS,A,S,07/31/2024,,,,,
mmaughan,Banner,140687231,found,{'brown_login': 'mmaughan'},AS,A,G,06/01/2024,,,,,
mamilton,Banner,140590751,found,{'brown_login': 'mamilton'},AS,,,,,,,,
dminchey,Banner,140779729,found,{'brown_login': 'dminchey'},AS,A,G,06/01/2025,,,,,
mmoafima,Banner,140367029,found,{'brown_login': 'mmoafima'},AS,A,G,06/01/2020,,,,,
nnajah,Banner,140187337,found,{'brown_login': 'nnajah'},AS,A,G,03/01/2026,,,,,
snapoleo,Banner,140313487,found,{'brown_login': 'snapoleo'},AS,A,G,09/01/2022,,N,07/10/2019,05/31/2021,
bnarvaez,Banner,140603417,found,{'brown_login': 'bnarvaez'},AS,A,S,11/03/2025,,,,,
unwanaji,Banner,140094253,found,{'brown_login': 'unwanaji'},AS,A,G,08/14/2022,,,,,
bohagan,Banner,140600733,found,{'brown_login': 'bohagan'},AS,A,G,09/01/2023,,,,,
vpark3,Banner,140418628,found,{'brown_login': 'vpark3'},AS,A,S,10/10/2025,,,,,
lfpasqua,Banner,140780415,found,{'brown_login': 'lfpasqua'},AS,A,G,06/01/2025,,,,,
cpcollin,Banner,140456820,found,{'brown_login': 'cpcollin'},AS,T,S,06/01/2022,09/07/2022,,,,
jpietro,Banner,100682380,found,{'brown_login': 'jpietro'},AS,A,S,07/22/2024,,N,07/27/2022,09/30/2022,
spitre,Banner,140485550,found,{'brown_login': 'spitre'},AS,A,G,06/01/2022,,,,,
apralea,Banner,140338236,found,{'brown_login': 'apralea'},AS,T,S,06/05/2024,,,,,
vrajasan,Banner,140689076,found,{'brown_login': 'vrajasan'},AS,T,N,06/30/2026,,Y,07/15/2026,09/08/2026,
aramasw3,Banner,140780393,found,{'brown_login': 'aramasw3'},AS,A,G,06/01/2025,,,,,
jranier1,Banner,140759810,found,{'brown_login': 'jranier1'},AS,T,N,12/19/2025,,,,,
areyno18,Banner,140781254,found,{'brown_login': 'areyno18'},AS,A,G,06/01/2025,,,,,
allegrar,Banner,140572942,found,{'brown_login': 'allegrar'},AS,,,,,,,,
arontog1,Banner,140687963,found,{'brown_login': 'arontog1'},AS,A,G,06/01/2024,,,,,
asaha25,Banner,140768880,found,{'brown_login': 'asaha25'},AS,A,S,08/17/2026,,,,,
wsellmay,Banner,140639299,found,{'brown_login': 'wsellmay'},AS,T,S,01/28/2026,,,,,
ssendhil,Banner,140596618,found,{'brown_login': 'ssendhil'},AS,A,G,06/01/2023,,,,,
lcshaw,Banner,140596900,found,{'brown_login': 'lcshaw'},AS,A,G,06/01/2023,,,,,
lshi35,Banner,140744166,found,{'brown_login': 'lshi35'},AS,T,S,06/03/2026,,,,,
askinne2,Banner,140081630,found,{'brown_login': 'askinne2'},AS,A,G,06/01/2022,,,,,
esong7,Banner,140169680,found,{'brown_login': 'esong7'},AS,A,S,07/22/2024,,,,,
estetten,Banner,140487582,found,{'brown_login': 'estetten'},AS,A,G,06/01/2022,,,,,
hstillma,Banner,140664685,found,{'brown_login': 'hstillma'},AS,A,S,06/16/2025,,,,,
ctswenso,Banner,140490595,found,{'brown_login': 'ctswenso'},AS,A,S,04/26/2026,,,,,
ithakkar,Banner,140624167,found,{'brown_login': 'ithakkar'},AS,A,S,07/08/2024,,,,,
atoby,Banner,140627814,found,{'brown_login': 'atoby'},AS,A,S,12/06/2024,,,,,
ktrinh4,Banner,140396265,found,{'brown_login': 'ktrinh4'},AS,A,G,05/01/2021,,,,,
vuzoechi,Banner,140600144,found,{'brown_login': 'vuzoechi'},AS,A,S,06/01/2026,,,,,
avertiko,Banner,140588171,found,{'brown_login': 'avertiko'},AS,A,S,12/19/2024,,,,,
tdviera,Banner,140628444,found,{'brown_login': 'tdviera'},AS,A,G,06/01/2023,,,,,
mvu14,Banner,140584484,found,{'brown_login': 'mvu14'},AS,,,,,,,,
gwalt,Banner,020671667,found,{'brown_login': 'gwalt'},AS,A,G,06/01/2024,,N,07/09/2013,08/14/2013,
mwang264,Banner,140560980,found,{'brown_login': 'mwang264'},AS,A,S,04/29/2025,,,,,
jweems,Banner,140487662,found,{'brown_login': 'jweems'},AS,A,G,09/01/2022,,N,08/05/2022,08/31/2022,
twynter,Banner,140580867,found,{'brown_login': 'twynter'},AS,,,,,,,,
jyeh12,Banner,140328754,found,{'brown_login': 'jyeh12'},AS,A,S,05/01/2022,,,,,
syu61,Banner,140346225,found,{'brown_login': 'syu61'},AS,A,S,03/13/2026,,,,,
hyun16,Banner,140487391,found,{'brown_login': 'hyun16'},AS,A,G,09/01/2022,,,,,
yzeng72,Banner,140780010,found,{'brown_login': 'yzeng72'},AS,A,G,06/01/2025,,,,,
tzhan191,Banner,140680978,found,{'brown_login': 'tzhan191'},AS,T,S,07/21/2026,,,,,
zzhou117,Banner,140441186,found,{'brown_login': 'zzhou117'},AS,A,G,06/01/2023,,,,,
bbeatty1,Banner,140389954,found,{'brown_login': 'bbeatty1'},G,A,S,03/08/2026,06/15/2026,,,,
abcampbe,Banner,140799282,found,{'brown_login': 'abcampbe'},G,A,S,09/29/2025,06/15/2026,,,,
ccoope13,Banner,140733953,found,{'brown_login': 'ccoope13'},G,A,G,06/01/2024,06/15/2026,,,,
mdewitt,Banner,140733055,found,{'brown_login': 'mdewitt'},G,A,S,09/18/2024,06/15/2026,,,,
mghumman,Banner,140707188,found,{'brown_login': 'mghumman'},G,A,G,06/01/2024,06/15/2026,,,,
chaynes5,Banner,140351083,found,{'brown_login': 'chaynes5'},G,A,G,08/15/2024,06/15/2026,,,,
ajohn107,Banner,140357286,found,{'brown_login': 'ajohn107'},G,A,G,06/01/2024,06/15/2026,,,,
clevine6,Banner,140444855,found,{'brown_login': 'clevine6'},G,A,S,01/29/2025,06/15/2026,,,,
cliu217,Banner,140475359,found,{'brown_login': 'cliu217'},G,A,S,08/31/2025,06/15/2026,,,,
jaowens,Banner,140694709,found,{'brown_login': 'jaowens'},G,A,G,09/01/2024,06/15/2026,,,,
apatino1,Banner,140477859,found,{'brown_login': 'apatino1'},G,A,S,04/26/2026,06/15/2026,,,,
arobin61,Banner,140686380,found,{'brown_login': 'arobin61'},G,A,G,09/01/2025,06/15/2026,,,,
otaylor5,Banner,140734117,found,{'brown_login': 'otaylor5'},G,A,G,06/01/2024,06/15/2026,,,,
lsthomas,Banner,140733711,found,{'brown_login': 'lsthomas'},G,A,G,09/01/2025,06/15/2026,,,,
rwelwean,Banner,140398511,found,{'brown_login': 'rwelwean'},G,A,G,05/01/2021,06/15/2026,,,,
jnickla1,Banner,140087425,found,{'brown_login': 'jnickla1'},L,A,G,09/01/2022,09/09/2026,,,,
krao12,Banner,140481588,found,{'brown_login': 'krao12'},LE,A,G,06/01/2022,09/09/2026,,,,
khinzen,Banner,140174578,found,{'brown_login': 'khinzen'},LM,T,S,09/25/2024,11/17/2025,N,05/15/2023,05/01/2024,
hjanjua1,Banner,140658066,found,{'brown_login': 'hjanjua1'},LP,T,E,12/31/2025,01/21/2026,,,,
ncouliba,Banner,140398495,found,{'brown_login': 'ncouliba'},TP,T,G,09/17/2025,09/03/2025,N,08/21/2025,05/31/2026,
ipenido,Banner,140192583,found,{'brown_login': 'ipenido'},TP,T,G,01/31/2026,01/21/2026,N,01/06/2026,05/31/2026,
hadrian1,OIM,140339000,found,{'brown_login': 'hadrian1'},G,T,E,08/01/2022,01/26/2022,Y,08/01/2022,05/14/2027,
daluthge,OIM,100451733,found,{'brown_login': 'daluthge'},G,T,G,09/11/2025,01/21/2026,Y,09/09/2025,09/09/2026,
ebritore,OIM,140196049,found,{'brown_login': 'ebritore'},G,T,G,06/03/2024,06/17/2024,Y,05/27/2024,04/06/2027,
hdorsain,OIM,140237011,found,{'brown_login': 'hdorsain'},G,A,S,08/22/2022,06/15/2026,Y,08/17/2026,08/16/2027,
jfabian1,OIM,140271194,found,{'brown_login': 'jfabian1'},G,T,G,09/11/2025,06/16/2025,Y,06/12/2025,05/13/2027,
lgovinda,OIM,140131810,found,{'brown_login': 'lgovinda'},G,T,G,01/24/2023,01/25/2023,Y,12/22/2022,10/07/2026,
hhower,OIM,000411923,found,{'brown_login': 'hhower'},G,T,F,01/16/2026,06/01/1999,Y,01/23/2026,12/31/2026,
gkamat,OIM,140321669,found,{'brown_login': 'gkamat'},G,T,G,08/14/2025,06/16/2025,Y,06/02/2025,05/27/2027,
dluzinco,OIM,100445157,found,{'brown_login': 'dluzinco'},G,T,S,08/12/2012,06/22/2015,Y,10/11/2021,07/01/2027,
zmaxwell,OIM,140179795,found,{'brown_login': 'zmaxwell'},G,T,S,08/24/2025,06/16/2025,Y,08/05/2025,08/04/2027,
vramanan,OIM,140325378,found,{'brown_login': 'vramanan'},G,T,G,09/11/2025,06/16/2025,Y,05/31/2025,12/31/2026,
lrizzott,OIM,140264995,found,{'brown_login': 'lrizzott'},G,T,G,05/31/2025,06/16/2025,Y,06/01/2025,04/08/2027,
mschaell,OIM,140332747,found,{'brown_login': 'mschaell'},G,A,G,06/01/2020,06/15/2026,Y,05/25/2026,05/20/2027,
xwang259,OIM,140393333,found,{'brown_login': 'xwang259'},G,T,S,09/12/2024,06/16/2025,Y,05/27/2025,05/27/2027,
sb38,OIM,110374187,found,{'brown_login': 'sb38'},TS,T,F,06/30/2025,01/22/2014,Y,12/16/2025,11/30/2026,
ballen7,OIM,140260280,found,{'brown_login': 'ballen7'},,,,,,Y,10/05/2023,07/06/2027,
cnavery,OIM,140797353,found,{'brown_login': 'cnavery'},,,,,,Y,01/07/2025,12/08/2026,
cbasarab,OIM,140759781,found,{'brown_login': 'cbasarab'},,,,,,Y,07/26/2024,06/15/2027,
zbleemer,OIM,140770150,found,{'brown_login': 'zbleemer'},,,,,,Y,10/28/2024,03/30/2027,
jbleiber,OIM,140377263,found,{'brown_login': 'jbleiber'},,T,E,08/15/2022,,Y,08/15/2022,04/17/2027,
kbirch,OIM,140315546,found,{'brown_login': 'kbirch'},,T,E,05/14/2026,,Y,05/04/2026,05/04/2027,
vbyeon,OIM,140829580,found,{'brown_login': 'vbyeon'},,,,,,Y,10/17/2025,10/16/2026,
icamillo,OIM,140452102,found,{'brown_login': 'icamillo'},,,,,,Y,06/15/2021,02/02/2027,
hcarter4,OIM,140455058,found,{'brown_login': 'hcarter4'},,T,E,12/09/2022,,Y,12/10/2022,08/11/2027,
ccaruth,OIM,140668626,found,{'brown_login': 'ccaruth'},,T,E,08/31/2025,,Y,08/25/2025,12/18/2026,
jcasano,OIM,140737555,found,{'brown_login': 'jcasano'},,,,,,Y,01/24/2024,12/01/2026,
echellap,OIM,140829007,found,{'brown_login': 'echellap'},,,,,,Y,09/29/2025,09/29/2026,
lchen229,OIM,140663166,found,{'brown_login': 'lchen229'},,,,,,Y,12/14/2023,12/31/2026,
eclark14,OIM,140357963,found,{'brown_login': 'eclark14'},,,,,,Y,12/16/2025,12/16/2026,
jcohen72,OIM,140828410,found,{'brown_login': 'jcohen72'},,,,,,Y,09/05/2025,08/05/2027,
ecrable,OIM,140823046,found,{'brown_login': 'ecrable'},,,,,,Y,07/09/2025,06/10/2027,
ccross8,OIM,140828978,found,{'brown_login': 'ccross8'},,,,,,Y,09/26/2025,09/26/2026,
dedwar14,OIM,140456229,found,{'brown_login': 'dedwar14'},,T,F,07/24/2023,,Y,07/25/2023,02/24/2027,
veisenso,OIM,140797354,found,{'brown_login': 'veisenso'},,,,,,Y,01/07/2025,12/08/2026,
agould5,OIM,140834217,found,{'brown_login': 'agould5'},,,,,,Y,01/12/2026,01/11/2027,
mgu13,OIM,140514341,found,{'brown_login': 'mgu13'},,,,,,Y,01/11/2022,12/10/2026,
hhill5,OIM,140272141,found,{'brown_login': 'hhill5'},,T,F,06/30/2023,,Y,01/01/2021,12/01/2026,
hho14,OIM,140249171,found,{'brown_login': 'hho14'},,T,E,06/23/2023,,Y,06/24/2023,03/23/2027,
thollow1,OIM,140661187,found,{'brown_login': 'thollow1'},,,,,,Y,05/16/2023,05/31/2027,
ahusain8,OIM,140766722,found,{'brown_login': 'ahusain8'},,,,,,Y,10/23/2024,09/11/2026,
vjent,OIM,140385067,found,{'brown_login': 'vjent'},,,,,,Y,04/01/2024,01/06/2027,
mkauffel,OIM,140852575,found,{'brown_login': 'mkauffel'},,,,,,Y,06/29/2026,06/29/2027,
ekelly17,OIM,140828603,found,{'brown_login': 'ekelly17'},,,,,,Y,09/11/2025,09/11/2026,
hkistler,OIM,140668978,found,{'brown_login': 'hkistler'},,T,F,08/01/2025,,Y,07/23/2025,06/23/2027,
jleano,OIM,140449315,found,{'brown_login': 'jleano'},,,,,,Y,04/13/2021,01/18/2027,
hli262,OIM,140666170,found,{'brown_login': 'hli262'},,,,,,Y,03/15/2024,02/02/2027,
yli965,OIM,140834225,found,{'brown_login': 'yli965'},,,,,,Y,01/13/2026,01/12/2027,
sloeb3,OIM,140184556,found,{'brown_login': 'sloeb3'},,T,F,06/30/2023,,Y,11/27/2023,09/29/2026,
smalik17,OIM,140187930,found,{'brown_login': 'smalik17'},,T,E,01/15/2026,,Y,01/16/2026,01/07/2027,
amart1,OIM,140828976,found,{'brown_login': 'amart1'},,,,,,Y,09/26/2025,09/26/2026,
amaus,OIM,140828604,found,{'brown_login': 'amaus'},,,,,,Y,09/11/2025,09/11/2026,
pmbekean,OIM,140452017,found,{'brown_login': 'pmbekean'},,T,F,04/14/2023,,Y,04/15/2023,03/04/2027,
kmckee4,OIM,140828977,found,{'brown_login': 'kmckee4'},,,,,,Y,09/26/2025,09/26/2026,
kmeyer6,OIM,140312745,found,{'brown_login': 'kmeyer6'},,T,F,06/30/2022,,Y,07/01/2022,03/09/2027,
lmilam1,OIM,140828614,found,{'brown_login': 'lmilam1'},,,,,,Y,09/12/2025,09/12/2026,
pmourala,OIM,140832865,found,{'brown_login': 'pmourala'},,,,,,Y,12/16/2025,12/16/2026,
lmouraca,OIM,140770151,found,{'brown_login': 'lmouraca'},,,,,,N,10/28/2024,08/01/2026,
rmurnane,OIM,140375461,found,{'brown_login': 'rmurnane'},,,,,,Y,05/19/2020,01/20/2027,
cnica,OIM,140667322,found,{'brown_login': 'cnica'},,,,,,Y,07/24/2023,05/31/2027,
cnugent3,OIM,140397363,found,{'brown_login': 'cnugent3'},,,,,,Y,02/12/2026,02/11/2027,
lnyangau,OIM,140810861,found,{'brown_login': 'lnyangau'},,,,,,Y,03/07/2025,02/05/2027,
fodindo,OIM,140831163,found,{'brown_login': 'fodindo'},,,,,,Y,11/06/2025,11/06/2026,
dodinya,OIM,140831956,found,{'brown_login': 'dodinya'},,,,,,Y,11/24/2025,11/24/2026,
fofori,OIM,140797357,found,{'brown_login': 'fofori'},,,,,,Y,07/31/2026,07/30/2027,
fokoth,OIM,140810122,found,{'brown_login': 'fokoth'},,,,,,Y,03/06/2025,02/04/2027,
aologuno,OIM,140596850,found,{'brown_login': 'aologuno'},,,,,,Y,04/10/2025,04/09/2027,
nomondi,OIM,140810121,found,{'brown_login': 'nomondi'},,,,,,Y,03/06/2025,02/04/2027,
gomukoko,OIM,140810118,found,{'brown_login': 'gomukoko'},,,,,,Y,03/06/2025,02/04/2027,
dpan19,OIM,140834218,found,{'brown_login': 'dpan19'},,,,,,Y,01/12/2026,01/11/2027,
mpankiew,OIM,140737557,found,{'brown_login': 'mpankiew'},,,,,,Y,01/24/2024,12/01/2026,
cpearsal,OIM,140804491,found,{'brown_login': 'cpearsal'},,,,,,Y,02/05/2025,02/10/2027,
epope,OIM,140216754,found,{'brown_login': 'epope'},,,,,,Y,07/08/2025,06/10/2027,
arobers4,OIM,140763992,found,{'brown_login': 'arobers4'},,,,,,Y,09/23/2024,08/17/2027,
crobin19,OIM,140372642,found,{'brown_login': 'crobin19'},,T,F,03/10/2023,,Y,03/11/2023,12/07/2026,
ssahabi,OIM,140829115,found,{'brown_login': 'ssahabi'},,,,,,Y,10/03/2025,10/03/2026,
mschreud,OIM,140832751,found,{'brown_login': 'mschreud'},,,,,,Y,12/11/2025,12/11/2026,
cshin27,OIM,140802136,found,{'brown_login': 'cshin27'},,,,,,Y,01/27/2025,12/28/2026,
jsims5,OIM,140828602,found,{'brown_login': 'jsims5'},,,,,,Y,09/11/2025,09/11/2026,
asolaare,OIM,140838390,found,{'brown_login': 'asolaare'},,,,,,Y,02/17/2026,02/16/2027,
bstanle3,OIM,140661254,found,{'brown_login': 'bstanle3'},,T,F,06/30/2025,,Y,06/17/2025,06/03/2027,
psunda10,OIM,140812396,found,{'brown_login': 'psunda10'},,,,,,Y,03/19/2025,02/17/2027,
rtaylorp,OIM,140828979,found,{'brown_login': 'rtaylorp'},,,,,,Y,09/26/2025,09/26/2026,
ltichner,OIM,140834067,found,{'brown_login': 'ltichner'},,,,,,Y,01/07/2026,12/31/2026,
atrucken,OIM,140828576,found,{'brown_login': 'atrucken'},,,,,,Y,09/10/2025,08/11/2027,
ovezina,OIM,140670325,found,{'brown_login': 'ovezina'},,T,N,07/17/2026,,Y,07/17/2026,07/13/2027,
vvrinda,OIM,140825900,found,{'brown_login': 'vvrinda'},,,,,,N,08/05/2025,08/04/2026,
zwei71,OIM,140811862,found,{'brown_login': 'zwei71'},,,,,,Y,03/14/2025,02/12/2027,
kwilso37,OIM,140828411,found,{'brown_login': 'kwilso37'},,,,,,Y,09/05/2025,08/05/2027,
mwinte11,OIM,140828608,found,{'brown_login': 'mwinte11'},,,,,,Y,09/12/2025,09/11/2026,
sworthma,OIM,140482232,found,{'brown_login': 'sworthma'},,,,,,Y,12/06/2023,08/10/2027,
azambra8,OIM,140831395,found,{'brown_login': 'azambra8'},,,,,,Y,11/14/2025,11/14/2026,
ezelakie,OIM,140754615,found,{'brown_login': 'ezelakie'},,,,,,Y,06/10/2024,06/05/2027,
kzhan157,OIM,140564623,found,{'brown_login': 'kzhan157'},,,,,,Y,02/16/2024,01/27/2027,
gbejaran,Workday,140596646,found,{'brown_login': 'gbejaran'},AS,A,F,07/01/2026,,,,,
schaud43,Workday,140781306,found,{'brown_login': 'schaud43'},AS,A,F,11/15/2025,,,,,
kkoukoun,Workday,140164595,found,{'brown_login': 'kkoukoun'},AS,A,E,07/31/2026,,,,,
arhorn,Workday,140798189,found,{'brown_login': 'arhorn'},AS,A,F,06/01/2026,,,,,
erego2,Workday,140675286,found,{'brown_login': 'erego2'},AS,A,E,12/09/2024,,N,10/25/2023,10/23/2025,
ja8,Workday,100217598,found,{'brown_login': 'ja8'},G,A,F,10/15/2024,01/22/2025,,,,
rakiki,Workday,140117823,found,{'brown_login': 'rakiki'},G,A,M,06/01/2021,05/12/2021,,,,
nayala,Workday,000430770,found,{'brown_login': 'nayala'},G,A,M,07/01/2023,06/20/2023,,,,
jbarredo,Workday,100222002,found,{'brown_login': 'jbarredo'},G,A,M,04/01/2021,06/23/2014,N,01/14/2015,09/29/2017,
tbayer,Workday,000421802,found,{'brown_login': 'tbayer'},G,A,M,07/01/2022,06/20/2023,,,,
kbekkeda,Workday,140641379,found,{'brown_login': 'kbekkeda'},G,A,E,07/22/2024,06/17/2024,,,,
mbellero,Workday,140399109,found,{'brown_login': 'mbellero'},G,A,F,06/01/2026,06/15/2026,,,,
vsbhatt,Workday,140561744,found,{'brown_login': 'vsbhatt'},G,A,M,06/01/2022,06/17/2024,,,,
dborton,Workday,000823131,found,{'brown_login': 'dborton'},G,A,F,07/01/2014,06/18/2012,,,,
jchepnge,Workday,140561331,found,{'brown_login': 'jchepnge'},G,A,E,08/05/2024,06/17/2024,N,06/12/2024,06/11/2025,
schrysan,Workday,100291932,found,{'brown_login': 'schrysan'},G,A,F,01/16/2017,06/23/2014,,,,
cclaibor,Workday,100720343,found,{'brown_login': 'cclaibor'},G,A,E,08/17/2016,06/27/2016,,,,
kdonohu2,Workday,140163610,found,{'brown_login': 'kdonohu2'},G,A,E,09/04/2018,06/25/2018,,,,
ddorfma1,Workday,140383411,found,{'brown_login': 'ddorfma1'},G,A,F,10/24/2025,06/16/2025,,,,
sdunsige,Workday,002392156,found,{'brown_login': 'sdunsige'},G,A,F,10/01/2019,06/22/2009,N,04/13/2009,04/23/2009,
cmfagan,Workday,140552312,found,{'brown_login': 'cmfagan'},G,A,E,06/09/2023,06/20/2023,,,,
xfan15,Workday,140268684,found,{'brown_login': 'xfan15'},G,A,E,10/17/2022,06/21/2022,,,,
ebfinn,Workday,060074508,found,{'brown_login': 'ebfinn'},G,A,F,10/01/2023,06/01/1990,N,08/26/2008,03/04/2009,
rgaither,Workday,140326443,found,{'brown_login': 'rgaither'},G,A,E,09/18/2024,09/04/2024,,,,
jgantenb,Workday,140069114,found,{'brown_login': 'jgantenb'},G,A,F,12/01/2021,01/26/2022,N,03/22/2021,08/31/2021,
tgladstone,Workday,060074754,found,{'brown_login': 'tgladstone'},G,A,F,11/01/2022,06/01/1990,,,,
wgoedel,Workday,140164975,found,{'brown_login': 'wgoedel'},G,A,F,06/01/2020,06/22/2020,,,,
jgoldma5,Workday,140164761,found,{'brown_login': 'jgoldma5'},G,A,E,07/01/2019,06/24/2019,,,,
jgong4,Workday,140071598,found,{'brown_login': 'jgong4'},G,A,M,06/01/2024,06/17/2024,,,,
hgraves,Workday,010323304,found,{'brown_login': 'hgraves'},G,A,E,10/07/2008,06/23/2014,,,,
lhanna,Workday,010030485,found,{'brown_login': 'lhanna'},G,P,E,10/23/1995,06/01/1986,,,,
ahuang75,Workday,140333809,found,{'brown_login': 'ahuang75'},G,A,F,06/01/2026,06/15/2026,,,,
mj14,Workday,040300675,found,{'brown_login': 'mj14'},G,A,F,07/01/2008,06/01/2002,,,,
ijjenkin,Workday,100386051,found,{'brown_login': 'ijjenkin'},G,A,N,01/26/2026,06/21/2022,,,,
kjohns48,Workday,140246933,found,{'brown_login': 'kjohns48'},G,A,M,07/01/2024,06/20/2023,,,,
tkang,Workday,140235500,found,{'brown_login': 'tkang'},G,A,N,07/01/2025,06/16/2025,,,,
dk5,Workday,000606512,found,{'brown_login': 'dk5'},G,A,F,09/01/2018,06/18/2012,,,,
ckofron,Workday,000420201,found,{'brown_login': 'ckofron'},G,A,E,07/10/2017,06/22/2009,N,02/26/2010,06/30/2010,
ckosar,Workday,140018174,found,{'brown_login': 'ckosar'},G,A,F,05/01/2021,05/12/2021,,,,
jkurtis,Workday,000194068,found,{'brown_login': 'jkurtis'},G,A,F,07/01/2017,06/01/1996,,,,
dlake,Workday,140164861,found,{'brown_login': 'dlake'},G,A,F,07/01/2024,06/20/2023,,,,
kelarned,Workday,100642469,found,{'brown_login': 'kelarned'},G,A,F,07/22/2024,06/23/2014,,,,
sllefebv,Workday,140640205,found,{'brown_login': 'sllefebv'},G,A,E,06/09/2025,06/16/2025,,,,
tlibby,Workday,140271798,found,{'brown_login': 'tlibby'},G,A,M,01/01/2019,06/16/2025,N,01/02/2019,01/02/2020,
mlopezme,Workday,140217577,found,{'brown_login': 'mlopezme'},G,A,F,07/01/2024,09/04/2024,,,,
amacmadu,Workday,100403358,found,{'brown_login': 'amacmadu'},G,A,F,06/01/2022,06/21/2022,N,01/06/2016,03/13/2017,
smanda15,Workday,140685760,found,{'brown_login': 'smanda15'},G,A,E,06/08/2026,06/15/2026,,,,
fm3,Workday,000412689,found,{'brown_login': 'fm3'},G,A,E,05/03/2022,06/01/2000,N,09/10/2021,09/20/2022,
ammcdono,Workday,100605492,found,{'brown_login': 'ammcdono'},G,A,E,09/03/2019,06/25/2018,,,,
lmercuri,Workday,100374104,found,{'brown_login': 'lmercuri'},G,A,M,08/01/2020,06/24/2019,N,02/18/2020,02/17/2021,
dmeyers1,Workday,140076783,found,{'brown_login': 'dmeyers1'},G,A,F,06/01/2020,06/22/2020,,,,
kmoretti,Workday,140172668,found,{'brown_login': 'kmoretti'},G,A,M,07/01/2026,06/22/2020,,,,
wnardi,Workday,010809655,found,{'brown_login': 'wnardi'},G,A,F,06/01/2025,06/16/2025,,,,
mpeterse,Workday,140131001,found,{'brown_login': 'mpeterse'},G,A,M,10/01/2025,06/20/2023,N,07/06/2023,07/05/2024,
mrestrep,Workday,000605761,found,{'brown_login': 'mrestrep'},G,A,E,03/28/2016,06/24/2013,,,,
arodr146,Workday,140570879,found,{'brown_login': 'arodr146'},G,A,E,06/01/2022,06/15/2026,,,,
mlrogers,Workday,010040979,found,{'brown_login': 'mlrogers'},G,A,F,11/01/2004,06/01/2002,,,,
jromanof,Workday,100723006,found,{'brown_login': 'jromanof'},G,A,E,11/21/2016,06/27/2016,,,,
fsaadeh,Workday,000423230,found,{'brown_login': 'fsaadeh'},G,A,E,05/31/2006,06/20/2011,,,,
ksaal,Workday,060075986,found,{'brown_login': 'ksaal'},G,A,M,01/01/2022,06/01/1991,N,08/06/2019,08/05/2021,
jsschust,Workday,000822947,found,{'brown_login': 'jsschust'},G,A,M,02/01/2017,06/23/2014,N,01/29/2014,05/31/2014,
syuliia,Workday,140376854,found,{'brown_login': 'syuliia'},G,A,E,08/15/2022,01/24/2024,N,06/14/2022,05/31/2023,
ksine,Workday,140312291,found,{'brown_login': 'ksine'},G,A,M,07/01/2025,06/17/2024,,,,
ms11,Workday,010504216,found,{'brown_login': 'ms11'},G,A,M,01/01/2022,06/17/2024,N,07/20/2021,07/07/2022,
lsoliman,Workday,140242258,found,{'brown_login': 'lsoliman'},G,A,M,06/01/2024,06/17/2024,,,,
slsong,Workday,140018974,found,{'brown_login': 'slsong'},G,A,M,07/01/2024,06/20/2023,,,,
jtrombl1,Workday,140576588,found,{'brown_login': 'jtrombl1'},G,A,E,09/19/2022,06/15/2026,,,,
ttuttle1,Workday,140733211,found,{'brown_login': 'ttuttle1'},G,A,E,06/23/2025,06/16/2025,,,,
avidmar,Workday,100709163,found,{'brown_login': 'avidmar'},G,A,E,10/01/2018,06/25/2018,N,07/29/2021,06/30/2023,
lwerner2,Workday,140566198,found,{'brown_login': 'lwerner2'},G,A,E,11/26/2024,06/17/2024,N,07/01/2024,07/19/2024,
yxu150,Workday,140309739,found,{'brown_login': 'yxu150'},G,A,E,09/09/2019,06/20/2023,,,,
rzia,Workday,000414918,found,{'brown_login': 'rzia'},G,A,F,07/01/2006,06/01/2001,N,01/12/2006,07/01/2006,
azullo,Workday,100578799,found,{'brown_login': 'azullo'},G,A,F,09/01/2015,06/26/2017,,,,
sfulcome,Workday,010025259,found,{'brown_login': 'sfulcome'},N,A,E,10/01/1998,09/01/1984,,,,
uakbar,Workday,140039596,found,{'brown_login': 'uakbar'},TS,A,M,07/01/2024,01/24/2024,,,,
sarias1,Workday,140018276,found,{'brown_login': 'sarias1'},TS,A,M,01/01/2015,06/17/2024,,,,
dhbarker,Workday,010366613,found,{'brown_login': 'dhbarker'},TS,A,M,07/01/2012,01/21/2015,,,,
sbroestl,Workday,010186649,found,{'brown_login': 'sbroestl'},TS,A,E,09/19/2005,06/21/2010,,,,
adamico3,Workday,140580541,found,{'brown_login': 'adamico3'},TS,A,E,09/30/2022,06/16/2025,,,,
sdjamaoe,Workday,140199738,found,{'brown_login': 'sdjamaoe'},TS,A,E,07/01/2022,01/22/2025,,,,
mdoughty,Workday,001805663,found,{'brown_login': 'mdoughty'},TS,A,E,01/14/2008,06/01/1999,,,,
sgolds13,Workday,140571354,found,{'brown_login': 'sgolds13'},TS,A,F,06/30/2024,01/22/2025,,,,
sgoldst4,Workday,140173769,found,{'brown_login': 'sgoldst4'},TS,A,M,07/01/2020,06/22/2020,,,,
aguang,Workday,100582632,found,{'brown_login': 'aguang'},TS,A,E,02/12/2018,06/15/2026,,,,
yhamaguc,Workday,140451414,found,{'brown_login': 'yhamaguc'},TS,A,E,07/22/2024,06/21/2022,,,,
tjanssen,Workday,140058737,found,{'brown_login': 'tjanssen'},TS,A,F,09/01/2015,01/25/2017,,,,
rjoshi10,Workday,140321264,found,{'brown_login': 'rjoshi10'},TS,A,E,11/01/2019,05/12/2021,,,,
bkrall,Workday,140655065,found,{'brown_login': 'bkrall'},TS,A,E,09/01/2023,06/15/2026,N,05/01/2023,08/31/2023,
alee35,Workday,140061715,found,{'brown_login': 'alee35'},TS,A,E,09/29/2015,01/21/2026,,,,
jm114,Workday,010597684,found,{'brown_login': 'jm114'},TS,A,F,09/01/2014,01/22/2014,,,,
lmicaliz,Workday,140122479,found,{'brown_login': 'lmicaliz'},TS,A,F,08/01/2020,01/23/2019,N,07/01/2019,06/30/2021,
kmonteir,Workday,010038272,found,{'brown_login': 'kmonteir'},TS,A,E,07/01/2011,01/21/2009,,,,
lorchows,Workday,010318879,found,{'brown_login': 'lorchows'},TS,A,M,06/01/2026,01/26/2011,,,,
broarr,Workday,140244220,found,{'brown_login': 'broarr'},TS,A,E,07/16/2018,09/08/2021,,,,
psaluja,Workday,140309738,found,{'brown_login': 'psaluja'},TS,A,E,12/15/2025,09/07/2022,,,,
es60,Workday,010586153,found,{'brown_login': 'es60'},TS,A,M,01/01/2023,01/26/2022,Y,08/20/2026,12/31/2026,
vsilva7,Workday,140575718,found,{'brown_login': 'vsilva7'},TS,A,E,07/18/2022,01/22/2025,,,,
nsingh23,Workday,140309443,found,{'brown_login': 'nsingh23'},TS,A,M,07/01/2024,01/21/2026,,,,
asokolo1,Workday,140114219,found,{'brown_login': 'asokolo1'},TS,A,F,07/01/2017,01/23/2019,,,,
esolisbe,Workday,140300150,found,{'brown_login': 'esolisbe'},TS,T,E,07/24/2026,06/22/2020,,,,
htreloar,Workday,010669682,found,{'brown_login': 'htreloar'},TS,A,M,09/01/2014,01/27/2016,N,07/01/2014,07/01/2014,
jwalla12,Workday,140272125,found,{'brown_login': 'jwalla12'},TS,A,E,01/07/2019,01/25/2023,,,,
mwilsonb,Workday,140184381,found,{'brown_login': 'mwilsonb'},TS,A,E,10/31/2017,09/07/2022,,,,
nw5,Workday,010324483,found,{'brown_login': 'nw5'},TS,A,E,10/27/2008,01/27/2010,,,,
twray,Workday,010677305,found,{'brown_login': 'twray'},TS,A,F,09/01/2013,01/21/2015,,,,
jhiris,Workday,010025925,found,{'brown_login': 'jhiris'},W,A,E,02/06/1984,01/01/1988,,,,
bowens1,Workday,140053487,found,{'brown_login': 'bowens1'},W,A,M,06/01/2015,09/03/2025,N,05/15/2024,06/30/2024,
astephen,Workday,000415160,found,{'brown_login': 'astephen'},WT,A,M,07/01/2017,01/01/1998,,,,
rabid,Workday,010484363,found,{'brown_login': 'rabid'},,A,M,07/01/2018,,,,,
caffatig,Workday,140823144,found,{'brown_login': 'caffatig'},,A,E,09/15/2025,,,,,
anaizer,Workday,010155730,found,{'brown_login': 'anaizer'},,A,F,07/01/2003,,,,,
amalbane,Workday,140449023,found,{'brown_login': 'amalbane'},,A,M,08/01/2022,,,,,
callenpl,Workday,140826314,found,{'brown_login': 'callenpl'},,A,F,09/01/2025,,,,,
jalmes,Workday,140823069,found,{'brown_login': 'jalmes'},,A,F,09/01/2025,,,,,
lantico,Workday,140557787,found,{'brown_login': 'lantico'},,A,F,01/06/2026,,,,,
mantone2,Workday,140514443,found,{'brown_login': 'mantone2'},,A,E,01/18/2022,,,,,
jantoni1,Workday,140582091,found,{'brown_login': 'jantoni1'},,A,E,11/01/2022,,,,,
karfer,Workday,140661258,found,{'brown_login': 'karfer'},,A,E,07/01/2023,,,,,
gavila1,Workday,140304226,found,{'brown_login': 'gavila1'},,A,E,04/15/2019,,,,,
vayalahe,Workday,010371786,found,{'brown_login': 'vayalahe'},,A,E,05/01/2026,,,,,
ibacher,Workday,140310467,found,{'brown_login': 'ibacher'},,T,E,05/03/2024,,N,05/13/2024,07/31/2026,
abadea2,Workday,140381958,found,{'brown_login': 'abadea2'},,A,M,07/01/2026,,N,08/18/2020,08/17/2021,
dbadre,Workday,010300944,found,{'brown_login': 'dbadre'},,A,F,07/01/2026,,,,,
pbandark,Workday,140456730,found,{'brown_login': 'pbandark'},,A,E,10/15/2024,,,,,
pbaptist,Workday,010146724,found,{'brown_login': 'pbaptist'},,A,E,12/16/2002,,,,,
kbaraf,Workday,140826924,found,{'brown_login': 'kbaraf'},,T,E,08/14/2026,,,,,
abasmaji,Workday,140762488,found,{'brown_login': 'abasmaji'},,A,F,09/01/2024,,,,,
ebelang2,Workday,140162683,found,{'brown_login': 'ebelang2'},,A,F,02/01/2017,,,,,
jberk1,Workday,140310604,found,{'brown_login': 'jberk1'},,A,M,02/01/2023,,,,,
mbetanc1,Workday,140663052,found,{'brown_login': 'mbetanc1'},,A,N,06/26/2023,,,,,
pbhuptan,Workday,140374228,found,{'brown_login': 'pbhuptan'},,A,M,07/01/2025,,,,,
cboen,Workday,140737196,found,{'brown_login': 'cboen'},,A,F,07/01/2024,,,,,
abogusl2,Workday,140654180,found,{'brown_login': 'abogusl2'},,P,F,09/01/2023,,N,03/30/2023,08/31/2023,
abolves,Workday,140239973,found,{'brown_login': 'abolves'},,A,F,06/01/2026,,Y,10/31/2022,12/16/2026,
bboulay,Workday,140825803,found,{'brown_login': 'bboulay'},,T,F,07/31/2026,,,,,
jb93,Workday,010597749,found,{'brown_login': 'jb93'},,A,F,09/01/2012,,,,,
cbreault,Workday,140274563,found,{'brown_login': 'cbreault'},,A,E,08/01/2024,,N,08/08/2022,08/06/2025,
jbrewer2,Workday,140246606,found,{'brown_login': 'jbrewer2'},,A,F,09/01/2018,,,,,
lbrick,Workday,010792286,found,{'brown_login': 'lbrick'},,A,M,08/01/2025,,,,,
mbrown58,Workday,140231756,found,{'brown_login': 'mbrown58'},,A,E,03/19/2018,,,,,
jbruhn,Workday,140373992,found,{'brown_login': 'jbruhn'},,A,F,07/01/2020,,,,,
ebryer1,Workday,140193568,found,{'brown_login': 'ebryer1'},,A,F,09/01/2024,,,,,
gbryson,Workday,010120294,found,{'brown_login': 'gbryson'},,A,E,07/31/2000,,,,,
abuchan1,Workday,140139106,found,{'brown_login': 'abuchan1'},,A,F,02/01/2020,,N,01/26/2018,06/25/2021,
rbutler,Workday,010212864,found,{'brown_login': 'rbutler'},,A,E,11/06/2006,,,,,
acamp2,Workday,140754471,found,{'brown_login': 'acamp2'},,A,F,06/24/2024,,,,,
mcancil1,Workday,140248906,found,{'brown_login': 'mcancil1'},,A,M,09/01/2022,,N,09/10/2018,09/09/2019,
ccapone,Workday,010273360,found,{'brown_login': 'ccapone'},,A,M,10/01/2015,,,,,
scaroleo,Workday,140817299,found,{'brown_login': 'scaroleo'},,A,F,09/01/2025,,,,,
ccelisde,Workday,010586372,found,{'brown_login': 'ccelisde'},,A,E,06/29/2012,,,,,
lchambe1,Workday,140316210,found,{'brown_login': 'lchambe1'},,A,F,07/01/2021,,N,08/26/2019,07/12/2022,
echen13,Workday,140049969,found,{'brown_login': 'echen13'},,A,F,07/01/2015,,,,,
mclancy3,Workday,140764079,found,{'brown_login': 'mclancy3'},,A,N,10/15/2024,,,,,
cclevel3,Workday,140692161,found,{'brown_login': 'cclevel3'},,P,F,07/01/2024,,N,12/14/2023,12/14/2024,
scolby,Workday,010024196,found,{'brown_login': 'scolby'},,A,F,11/22/2013,,,,,
acolli21,Workday,140327586,found,{'brown_login': 'acolli21'},,A,F,09/01/2024,,,,,
ecouch,Workday,140457594,found,{'brown_login': 'ecouch'},,A,F,09/01/2021,,,,,
kcoulomb,Workday,010680090,found,{'brown_login': 'kcoulomb'},,A,F,01/01/2014,,,,,
mcrane3,Workday,140663304,found,{'brown_login': 'mcrane3'},,A,M,10/01/2025,,,,,
kcrocker,Workday,140815060,found,{'brown_login': 'kcrocker'},,A,N,06/23/2025,,,,,
kcrowle3,Workday,140316661,found,{'brown_login': 'kcrowle3'},,A,E,09/09/2019,,,,,
ccutler,Workday,020068682,found,{'brown_login': 'ccutler'},,A,E,11/01/2008,,N,08/15/2008,11/06/2008,
idaubar,Workday,140317153,found,{'brown_login': 'idaubar'},,A,F,11/01/2019,,,,,
mditoro,Workday,010274785,found,{'brown_login': 'mditoro'},,A,E,09/10/2007,,,,,
yduartev,Workday,010677319,found,{'brown_login': 'yduartev'},,A,M,07/01/2023,,,,,
tduvally,Workday,010140273,found,{'brown_login': 'tduvally'},,A,E,04/24/2002,,,,,
ceickhof,Workday,140184389,found,{'brown_login': 'ceickhof'},,A,F,12/01/2022,,,,,
relwy,Workday,140241051,found,{'brown_login': 'relwy'},,A,M,07/01/2018,,N,06/08/2018,07/31/2018,
yelzahab,Workday,140502823,found,{'brown_login': 'yelzahab'},,A,E,01/11/2022,,,,,
kescuder,Workday,140053811,found,{'brown_login': 'kescuder'},,P,F,07/01/2015,,,,,
gfalken,Workday,140315509,found,{'brown_login': 'gfalken'},,A,E,02/24/2025,,N,07/20/2021,05/21/2025,
ofeldman,Workday,140070479,found,{'brown_login': 'ofeldman'},,A,F,07/01/2016,,N,12/07/2015,06/30/2016,
afenelon,Workday,010586451,found,{'brown_login': 'afenelon'},,A,F,03/01/2024,,,,,
ifergus2,Workday,140574672,found,{'brown_login': 'ifergus2'},,A,E,07/11/2022,,,,,
amferna,Workday,020562099,found,{'brown_login': 'amferna'},,A,E,07/10/2012,,N,02/01/2012,07/10/2012,
rfletche,Workday,010025136,found,{'brown_login': 'rfletche'},,A,E,12/21/1987,,,,,
hfournie,Workday,140123584,found,{'brown_login': 'hfournie'},,A,E,10/01/2016,,,,,
hf2,Workday,020592701,found,{'brown_login': 'hf2'},,A,M,05/01/2022,,N,06/21/2012,06/30/2014,
nvfreema,Workday,010116315,found,{'brown_login': 'nvfreema'},,A,E,04/10/2000,,,,,
jfriedm2,Workday,140004839,found,{'brown_login': 'jfriedm2'},,A,F,07/01/2025,,,,,
jufrizze,Workday,010070626,found,{'brown_login': 'jufrizze'},,A,E,12/01/2021,,,,,
igarciav,Workday,140579167,found,{'brown_login': 'igarciav'},,A,E,06/01/2026,,Y,02/13/2026,10/31/2026,
cgatsoni,Workday,010025335,found,{'brown_login': 'cgatsoni'},,A,F,01/01/1995,,,,,
bgaudian,Workday,010155330,found,{'brown_login': 'bgaudian'},,A,M,06/01/2026,,,,,
tgiguere,Workday,140480058,found,{'brown_login': 'tgiguere'},,A,E,11/15/2021,,,,,
fgillani,Workday,010173670,found,{'brown_login': 'fgillani'},,A,M,07/01/2007,,,,,
ngiovan1,Workday,140758320,found,{'brown_login': 'ngiovan1'},,A,E,08/01/2024,,,,,
ggodino,Workday,010797116,found,{'brown_login': 'ggodino'},,A,E,07/21/2014,,,,,
agould3,Workday,140552086,found,{'brown_login': 'agould3'},,A,E,02/14/2022,,,,,
sgravens,Workday,010312792,found,{'brown_login': 'sgravens'},,A,M,03/01/2020,,,,,
sgreen35,Workday,140481345,found,{'brown_login': 'sgreen35'},,P,E,11/29/2021,,,,,
agregoir,Workday,010105669,found,{'brown_login': 'agregoir'},,A,N,04/14/1999,,,,,
dgrigsby,Workday,140310311,found,{'brown_login': 'dgrigsby'},,A,F,09/01/2019,,,,,
bgully1,Workday,140459290,found,{'brown_login': 'bgully1'},,A,E,10/18/2021,,,,,
sgupt219,Workday,140818942,found,{'brown_login': 'sgupt219'},,A,F,07/01/2025,,,,,
aguy1,Workday,140375233,found,{'brown_login': 'aguy1'},,T,F,06/30/2026,,Y,07/30/2026,06/30/2027,
ahandlan,Workday,140445587,found,{'brown_login': 'ahandlan'},,A,F,07/01/2021,,,,,
khayes15,Workday,140455652,found,{'brown_login': 'khayes15'},,A,F,08/01/2021,,,,,
ehensler,Workday,140239380,found,{'brown_login': 'ehensler'},,T,F,07/31/2026,,,,,
jhogansc,Workday,010025955,found,{'brown_login': 'jhogansc'},,A,F,09/01/1995,,,,,
jholla10,Workday,140565602,found,{'brown_login': 'jholla10'},,P,E,05/02/2022,,,,,
cjhowe,Workday,010506351,found,{'brown_login': 'cjhowe'},,A,F,09/01/2011,,,,,
ekhsieh,Workday,100277470,found,{'brown_login': 'ekhsieh'},,A,E,06/12/2023,,,,,
ahsu16,Workday,140239384,found,{'brown_login': 'ahsu16'},,A,M,08/01/2021,,,,,
ehuertas,Workday,140226055,found,{'brown_login': 'ehuertas'},,A,F,07/01/2018,,N,01/17/2018,06/30/2018,
phull1,Workday,140447586,found,{'brown_login': 'phull1'},,A,F,07/01/2021,,,,,
kingram6,Workday,140658126,found,{'brown_login': 'kingram6'},,A,M,06/01/2023,,,,,
jisaacs6,Workday,140826908,found,{'brown_login': 'jisaacs6'},,A,E,09/15/2025,,,,,
miyer,Workday,140019556,found,{'brown_login': 'miyer'},,A,E,02/27/2026,,,,,
kjackson,Workday,010184723,found,{'brown_login': 'kjackson'},,A,F,10/01/2023,,,,,
ajasti,Workday,010691414,found,{'brown_login': 'ajasti'},,A,E,12/16/2013,,,,,
anjawors,Workday,020114810,found,{'brown_login': 'anjawors'},,A,E,08/28/2000,,N,11/30/1999,09/01/2000,
rnjones,Workday,020660890,found,{'brown_login': 'rnjones'},,A,M,07/01/2013,,N,04/05/2013,06/27/2013,
srj3,Workday,020484407,found,{'brown_login': 'srj3'},,A,F,07/01/2011,,N,02/15/2011,07/01/2011,
ejutkowi,Workday,140171402,found,{'brown_login': 'ejutkowi'},,A,F,08/01/2025,,,,,
lkaler,Workday,140754787,found,{'brown_login': 'lkaler'},,A,F,07/01/2024,,Y,09/01/2026,08/10/2027,
akane19,Workday,140667312,found,{'brown_login': 'akane19'},,A,N,07/24/2023,,,,,
skane9,Workday,140825782,found,{'brown_login': 'skane9'},,A,F,09/01/2025,,,,,
akarnick,Workday,140653816,found,{'brown_login': 'akarnick'},,A,M,06/30/2026,,,,,
ktkelsey,Workday,010274232,found,{'brown_login': 'ktkelsey'},,A,F,09/01/2007,,,,,
kkemp,Workday,020661670,found,{'brown_login': 'kkemp'},,A,M,07/01/2024,,N,04/17/2013,05/22/2014,
jkim999,Workday,140743400,found,{'brown_login': 'jkim999'},,A,F,07/01/2026,,,,,
bknight,Workday,010146759,found,{'brown_login': 'bknight'},,A,F,01/01/2003,,,,,
mkraft,Workday,010672037,found,{'brown_login': 'mkraft'},,P,F,07/01/2013,,,,,
mkriege1,Workday,140111310,found,{'brown_login': 'mkriege1'},,A,E,05/04/2016,,,,,
llagos,Workday,140448262,found,{'brown_login': 'llagos'},,A,F,07/01/2021,,,,,
olamarco,Workday,140754647,found,{'brown_login': 'olamarco'},,A,N,06/17/2024,,,,,
vlandrum,Workday,140826698,found,{'brown_login': 'vlandrum'},,A,N,08/18/2025,,,,,
klashway,Workday,140663378,found,{'brown_login': 'klashway'},,A,E,06/30/2023,,,,,
ml117,Workday,010442316,found,{'brown_login': 'ml117'},,A,F,10/01/2010,,,,,
jlawson9,Workday,140396806,found,{'brown_login': 'jlawson9'},,A,E,01/04/2021,,,,,
al44,Workday,010592566,found,{'brown_login': 'al44'},,A,M,06/01/2016,,N,02/27/2016,02/26/2017,
jlee1285,Workday,140813643,found,{'brown_login': 'jlee1285'},,A,F,08/01/2025,,N,04/01/2025,07/31/2025,
yl18,Workday,010509166,found,{'brown_login': 'yl18'},,A,E,10/12/2011,,,,,
ylee209,Workday,140452216,found,{'brown_login': 'ylee209'},,A,F,07/01/2021,,,,,
clenox,Workday,140571579,found,{'brown_login': 'clenox'},,A,E,06/27/2022,,,,,
al16,Workday,010371023,found,{'brown_login': 'al16'},,A,M,01/01/2024,,,,,
yli188,Workday,140176238,found,{'brown_login': 'yli188'},,A,E,07/05/2017,,,,,
alie,Workday,010201720,found,{'brown_login': 'alie'},,A,E,06/19/2006,,,,,
elilavoi,Workday,140176572,found,{'brown_login': 'elilavoi'},,A,E,07/19/2017,,,,,
ylin141,Workday,140370759,found,{'brown_login': 'ylin141'},,A,E,05/08/2023,,,,,
yliu385,Workday,140348764,found,{'brown_login': 'yliu385'},,A,E,01/21/2020,,,,,
jlopres1,Workday,140667381,found,{'brown_login': 'jlopres1'},,A,E,09/01/2023,,N,07/27/2023,08/31/2023,
mloxley,Workday,010185338,found,{'brown_login': 'mloxley'},,A,E,01/22/2024,,N,09/28/2022,09/26/2024,
slu,Workday,010364409,found,{'brown_login': 'slu'},,A,M,07/01/2021,,,,,
mlurieph,Workday,010134027,found,{'brown_login': 'mlurieph'},,A,F,07/01/2026,,,,,
smadiso1,Workday,140321268,found,{'brown_login': 'smadiso1'},,A,E,11/12/2019,,,,,
amantil,Workday,140234464,found,{'brown_login': 'amantil'},,A,F,02/01/2019,,N,03/20/2018,01/31/2019,
bm8,Workday,010519111,found,{'brown_login': 'bm8'},,A,F,01/01/2012,,,,,
rmartinm,Workday,010027094,found,{'brown_login': 'rmartinm'},,A,F,09/02/2024,,,,,
amartinc,Workday,140653292,found,{'brown_login': 'amartinc'},,A,F,07/01/2023,,,,,
mmarti43,Workday,140124282,found,{'brown_login': 'mmarti43'},,A,M,06/01/2026,,,,,
rmarti64,Workday,140668204,found,{'brown_login': 'rmarti64'},,A,M,09/01/2023,,N,08/03/2023,09/10/2023,
kmathew6,Workday,140764071,found,{'brown_login': 'kmathew6'},,A,N,10/01/2024,,Y,09/25/2024,09/16/2026,
cmatulis,Workday,140239427,found,{'brown_login': 'cmatulis'},,A,F,01/07/2019,,,,,
mmcnam12,Workday,140823031,found,{'brown_login': 'mmcnam12'},,A,E,08/19/2025,,,,,
emcquaid,Workday,010027288,found,{'brown_login': 'emcquaid'},,A,M,05/25/2018,,,,,
romedeir,Workday,010114870,found,{'brown_login': 'romedeir'},,P,E,12/28/1999,,,,,
gmellon,Workday,140649573,found,{'brown_login': 'gmellon'},,P,F,09/01/2023,,,,,
camenard,Workday,010671960,found,{'brown_login': 'camenard'},,A,E,06/24/2013,,,,,
tm2,Workday,010202619,found,{'brown_login': 'tm2'},,A,M,11/11/2024,,,,,
romirand,Workday,010130314,found,{'brown_login': 'romirand'},,A,F,07/01/2026,,,,,
slmoffit,Workday,010370654,found,{'brown_login': 'slmoffit'},,A,F,07/01/2009,,,,,
emoitra,Workday,010119375,found,{'brown_login': 'emoitra'},,A,M,07/01/2009,,,,,
pmontene,Workday,140663192,found,{'brown_login': 'pmontene'},,A,N,07/10/2023,,,,,
vmor,Workday,010027519,found,{'brown_login': 'vmor'},,A,F,04/01/1981,,,,,
kmurrell,Workday,140571274,found,{'brown_login': 'kmurrell'},,A,E,07/06/2022,,,,,
kmwenda,Workday,140248487,found,{'brown_login': 'kmwenda'},,A,F,10/15/2018,,,,,
anurshat,Workday,140580074,found,{'brown_login': 'anurshat'},,A,F,10/17/2022,,,,,
aochoa6,Workday,140820177,found,{'brown_login': 'aochoa6'},,A,E,08/01/2025,,,,,
hoh23,Workday,140310635,found,{'brown_login': 'hoh23'},,A,M,07/01/2019,,,,,
jokonofu,Workday,140754465,found,{'brown_login': 'jokonofu'},,A,F,07/01/2024,,,,,
aolszews,Workday,010441130,found,{'brown_login': 'aolszews'},,A,M,07/01/2019,,,,,
eoster1,Workday,010792567,found,{'brown_login': 'eoster1'},,P,F,07/01/2014,,,,,
opagan,Workday,140755362,found,{'brown_login': 'opagan'},,A,F,08/30/2024,,,,,
lpage2,Workday,140444972,found,{'brown_login': 'lpage2'},,A,F,07/01/2021,,,,,
apai4,Workday,140264434,found,{'brown_login': 'apai4'},,A,E,08/29/2025,,,,,
cpaniagu,Workday,140569322,found,{'brown_login': 'cpaniagu'},,A,E,06/01/2022,,,,,
jpapay,Workday,020515239,found,{'brown_login': 'jpapay'},,A,F,01/01/2012,,N,11/09/2011,01/01/2012,
cparish,Workday,140312798,found,{'brown_login': 'cparish'},,A,E,07/15/2019,,,,,
cpark68,Workday,140326080,found,{'brown_login': 'cpark68'},,A,E,01/06/2020,,,,,
jpark257,Workday,140314509,found,{'brown_login': 'jpark257'},,A,F,09/01/2022,,,,,
apaul35,Workday,140554929,found,{'brown_login': 'apaul35'},,A,E,02/16/2022,,,,,
apaulso4,Workday,140814678,found,{'brown_login': 'apaulso4'},,A,F,09/01/2025,,N,04/11/2025,08/31/2025,
jrpeters,Workday,040053026,found,{'brown_login': 'jrpeters'},,A,M,04/01/2018,,,,,
mpielech,Workday,140239476,found,{'brown_login': 'mpielech'},,A,M,07/01/2026,,,,,
eplunke1,Workday,140663211,found,{'brown_login': 'eplunke1'},,A,E,06/30/2023,,,,,
jpopp1,Workday,140236669,found,{'brown_login': 'jpopp1'},,A,F,07/01/2022,,,,,
lporter7,Workday,140824146,found,{'brown_login': 'lporter7'},,A,E,08/29/2025,,,,,
cpratty,Workday,140364791,found,{'brown_login': 'cpratty'},,P,E,03/16/2020,,,,,
eqazilba,Workday,140317150,found,{'brown_login': 'eqazilba'},,A,F,11/01/2019,,,,,
zqian4,Workday,140048268,found,{'brown_login': 'zqian4'},,A,F,09/01/2015,,,,,
dquinte2,Workday,140817767,found,{'brown_login': 'dquinte2'},,A,F,09/01/2025,,,,,
arabasc2,Workday,140564771,found,{'brown_login': 'arabasc2'},,A,M,06/01/2026,,,,,
aragaven,Workday,140124782,found,{'brown_login': 'aragaven'},,A,E,11/14/2016,,,,,
erausche,Workday,140227421,found,{'brown_login': 'erausche'},,A,F,07/01/2018,,,,,
lresnikp,Workday,010144586,found,{'brown_login': 'lresnikp'},,A,F,07/15/2002,,,,,
prisciad,Workday,010066403,found,{'brown_login': 'prisciad'},,P,F,07/01/1998,,,,,
marobert,Workday,020172901,found,{'brown_login': 'marobert'},,A,M,07/01/2020,,N,10/08/2021,10/08/2022,
srobles6,Workday,140826323,found,{'brown_login': 'srobles6'},,A,F,09/01/2025,,,,,
brodri26,Workday,140652441,found,{'brown_login': 'brodri26'},,A,N,08/30/2024,,N,04/03/2024,04/03/2025,
krogers7,Workday,140312821,found,{'brown_login': 'krogers7'},,A,E,07/22/2019,,,,,
mrosenda,Workday,010203039,found,{'brown_login': 'mrosenda'},,A,E,07/10/2006,,,,,
esalomak,Workday,140593354,found,{'brown_login': 'esalomak'},,A,E,11/22/2022,,,,,
msalvat1,Workday,140120062,found,{'brown_login': 'msalvat1'},,P,E,09/01/2016,,,,,
fsantell,Workday,140755196,found,{'brown_login': 'fsantell'},,A,F,08/01/2024,,,,,
isarkar,Workday,140049966,found,{'brown_login': 'isarkar'},,A,F,07/01/2015,,,,,
msauerbr,Workday,140173872,found,{'brown_login': 'msauerbr'},,A,M,08/01/2020,,N,01/26/2021,01/26/2022,
lschlich,Workday,140121191,found,{'brown_login': 'lschlich'},,A,E,09/01/2016,,,,,
cschmid,Workday,010567438,found,{'brown_login': 'cschmid'},,A,F,06/01/2012,,,,,
mschmied,Workday,140448590,found,{'brown_login': 'mschmied'},,A,E,04/05/2021,,,,,
nschwa13,Workday,140315904,found,{'brown_login': 'nschwa13'},,A,F,08/15/2019,,,,,
eshaaya,Workday,140173877,found,{'brown_login': 'eshaaya'},,A,M,10/01/2025,,N,07/01/2025,07/01/2026,
sshar104,Workday,140442278,found,{'brown_login': 'sshar104'},,A,E,01/17/2023,,,,,
ashephe5,Workday,140582106,found,{'brown_login': 'ashephe5'},,A,E,10/24/2022,,,,,
sushort,Workday,010049182,found,{'brown_login': 'sushort'},,A,F,07/01/1997,,,,,
lshu,Workday,100797697,found,{'brown_login': 'lshu'},,A,M,07/01/2025,,,,,
ksiddle,Workday,140581464,found,{'brown_login': 'ksiddle'},,A,F,01/01/2023,,N,12/21/2022,02/01/2023,
msilve15,Workday,140458822,found,{'brown_login': 'msilve15'},,A,F,11/01/2021,,,,,
bsmith83,Workday,140828369,found,{'brown_login': 'bsmith83'},,A,F,02/12/2026,,Y,09/04/2025,09/03/2026,
wsmith20,Workday,140563790,found,{'brown_login': 'wsmith20'},,A,E,04/04/2022,,,,,
sgsmith,Workday,010436760,found,{'brown_login': 'sgsmith'},,A,E,06/24/2010,,,,,
asoepria,Workday,140348571,found,{'brown_login': 'asoepria'},,A,F,02/01/2021,,,,,
ysong42,Workday,140182007,found,{'brown_login': 'ysong42'},,A,E,09/18/2017,,,,,
tsouza,Workday,010069102,found,{'brown_login': 'tsouza'},,A,E,10/25/2001,,,,,
aspirito,Workday,010029234,found,{'brown_login': 'aspirito'},,A,M,09/01/2001,,,,,
ssrinath,Workday,140375563,found,{'brown_login': 'ssrinath'},,A,F,09/01/2020,,,,,
astpierr,Workday,140458680,found,{'brown_login': 'astpierr'},,A,E,09/20/2021,,,,,
lsteven4,Workday,140073299,found,{'brown_login': 'lsteven4'},,A,E,01/04/2016,,,,,
pstey,Workday,140108707,found,{'brown_login': 'pstey'},,A,E,04/18/2016,,,,,
astumper,Workday,140449078,found,{'brown_login': 'astumper'},,A,M,06/01/2026,,,,,
ssun33,Workday,140239512,found,{'brown_login': 'ssun33'},,A,F,04/01/2020,,,,,
jtao9,Workday,140234137,found,{'brown_login': 'jtao9'},,A,M,04/01/2018,,N,12/17/2018,11/30/2019,
ttarui,Workday,140594839,found,{'brown_login': 'ttarui'},,A,M,12/01/2022,,N,12/01/2022,12/01/2023,
ptejeda,Workday,140298142,found,{'brown_login': 'ptejeda'},,A,E,02/18/2019,,,,,
rterra,Workday,010029500,found,{'brown_login': 'rterra'},,A,E,10/01/1991,,,,,
mthangar,Workday,140470358,found,{'brown_login': 'mthangar'},,A,E,11/15/2021,,,,,
dtommet,Workday,010682967,found,{'brown_login': 'dtommet'},,A,E,11/01/2013,,,,,
atovar,Workday,010518105,found,{'brown_login': 'atovar'},,A,F,01/01/2022,,,,,
jtrepan1,Workday,140482171,found,{'brown_login': 'jtrepan1'},,A,E,01/03/2022,,,,,
ttrikali,Workday,010565570,found,{'brown_login': 'ttrikali'},,A,F,03/12/2012,,,,,
atrivedi,Workday,010199680,found,{'brown_login': 'atrivedi'},,A,F,07/01/2006,,,,,
luebelac,Workday,010116716,found,{'brown_login': 'luebelac'},,A,M,07/01/2018,,,,,
auzun,Workday,020373041,found,{'brown_login': 'auzun'},,A,M,01/16/2023,,N,09/02/2009,09/01/2011,
dgamsiz,Workday,010413589,found,{'brown_login': 'dgamsiz'},,A,M,07/01/2026,,,,,
cventetu,Workday,020040365,found,{'brown_login': 'cventetu'},,A,M,07/01/2018,,N,06/08/1996,07/28/1996,
tash1,Workday,140246202,found,{'brown_login': 'tash1'},,A,F,08/01/2018,,,,,
eewaite,Workday,140750309,found,{'brown_login': 'eewaite'},,A,F,08/01/2025,,,,,
edwalker,Workday,140452257,found,{'brown_login': 'edwalker'},,A,F,07/01/2021,,,,,
cwardle,Workday,140482312,found,{'brown_login': 'cwardle'},,A,F,07/01/2024,,,,,
tw32,Workday,020574972,found,{'brown_login': 'tw32'},,A,F,07/01/2012,,N,04/01/2012,05/22/2012,
jwei63,Workday,140661337,found,{'brown_login': 'jwei63'},,A,E,06/01/2023,,,,,
dweil,Workday,010029903,found,{'brown_login': 'dweil'},,P,F,07/01/1990,,,,,
lweinsto,Workday,010169970,found,{'brown_login': 'lweinsto'},,A,M,07/01/2005,,,,,
rweisber,Workday,010044081,found,{'brown_login': 'rweisber'},,A,M,07/01/2015,,,,,
rwightma,Workday,140169365,found,{'brown_login': 'rwightma'},,A,M,07/01/2023,,,,,
owisco,Workday,140381960,found,{'brown_login': 'owisco'},,A,M,07/01/2021,,N,08/18/2020,08/17/2021,
lwolfe,Workday,010023766,found,{'brown_login': 'lwolfe'},,A,E,08/28/1989,,,,,
jw33,Workday,010249485,found,{'brown_login': 'jw33'},,A,M,07/01/2018,,,,,
hwuphd,Workday,010131041,found,{'brown_login': 'hwuphd'},,A,M,07/01/2008,,,,,
jyang340,Workday,140659490,found,{'brown_login': 'jyang340'},,A,F,07/01/2023,,,,,
syenphd,Workday,010067679,found,{'brown_login': 'syenphd'},,A,M,10/01/2019,,,,,
pzhangmd,Workday,010133556,found,{'brown_login': 'pzhangmd'},,A,M,07/01/2017,,,,,
dwzhou,Workday,140578808,found,{'brown_login': 'dwzhou'},,A,F,09/01/2022,,,,,
tzink,Workday,140244246,found,{'brown_login': 'tzink'},,A,M,01/25/2023,,,,,
czlotnic,Workday,010035007,found,{'brown_login': 'czlotnic'},,A,M,07/01/2009,,N,02/14/2022,07/30/2022,
ezorfass,Workday,140375299,found,{'brown_login': 'ezorfass'},,A,E,07/01/2020,,,,,
azsom,Workday,140068497,found,{'brown_login': 'azsom'},,A,F,12/01/2015,,,,,
svc_borton_xsync,,,not_found,,,,,,,,,,No user found based on provided information.
svc_braintrust_xsync,,,not_found,,,,,,,,,,No user found based on provided information.
ccvdemo1,,,not_found,,,,,,,,,,No user found based on provided information.
ccvdemo2,,,not_found,,,,,,,,,,No user found based on provided information.
svc_cdc01_xsync,,,not_found,,,,,,,,,,No user found based on provided information.
ursacron,,,not_found,,,,,,,,,,No user found based on provided information.
ccvdemo,,,not_found,,,,,,,,,,No user found based on provided information.
svc_dev_xsync,,,not_found,,,,,,,,,,No user found based on provided information.
adm_yelzahab,,,not_found,,,,,,,,,,No user found based on provided information.
svc_glob,,,not_found,,,,,,,,,,No user found based on provided information.
adm_ajasti,,,not_found,,,,,,,,,,No user found based on provided information.
adm_npaudel,,,not_found,,,,,,,,,,No user found based on provided information.
adm_apaul35,,,not_found,,,,,,,,,,No user found based on provided information.
rppl01,,,not_found,,,,,,,,,,No user found based on provided information.
svc_ursa_xsync,,,not_found,,,,,,,,,,No user found based on provided information.
test040,,,not_found,,,,,,,,,,No user found based on provided information.
adm_nw5,,,not_found,,,,,,,,,,No user found based on provided information.
